"Item Id","Payment Method","Payment Status","Type","Amount","Transaction Id"
"91","PayPal","COMPLETED","booking","746","88888389BS767701H"
"89","PayPal","COMPLETED","booking","838","63016863PX5074508"
"55","PayPal","COMPLETED","booking","58.87","79N88709MD0666455"
"51","Stripe","COMPLETED","booking","1934.75","cs_test_a1cUG4htmIVH9jkTvlU4Que2ApCuKhUCADAbPFBVpLtV9d1D1NHu1ptj5q"
"49","PayPal","COMPLETED","booking","217","7A008762E7239433B"
"47","PayPal","PENDING","booking","217","67L81551X7330751L"
"43","PayPal","PENDING","booking","217","27M16402NE915871S"
"40","PayPal","COMPLETED","booking","1717.75","3V5089406R6615044"
"38","PayPal","COMPLETED","booking","217","1KA44854PF020523L"
"36","PayPal","FAILED","booking","217","672e264fc06e1"
"33","PayPal","PENDING","booking","119.25","4PS17919VS8215937"
"29","PayPal","COMPLETED","booking","75.55","13U451030L803234K"
"27","PayPal","COMPLETED","booking","108.33","3AA259170C301124K"
"25","PayPal","COMPLETED","booking","44.16","7AE20846B5433540R"
"23","PayPal","COMPLETED","booking","205.5","9HH95278FP861925R"
"21","PayPal","COMPLETED","booking","941.5","71A44195P0390825S"
"13","PayPal","COMPLETED","booking","110.4","4M832669MB153190N"
"9","PayPal","COMPLETED","booking","112.47","0T6317751F732914S"
"5","PayPal","COMPLETED","booking","58.88","6H02628562090083H"
"3","PayPal","COMPLETED","booking","58.88","5J558036341257328"
"1","PayPal","COMPLETED","booking","217","2N4145785C852482H"
"17","PayPal","PENDING","wallet","459","5PB67170P2203483F"
